{
  "label": "sample_500",
  "response_functions": {
    "E_effective": {
      "parameters": {
        "rho": {
          "main": 0.0,
          "total": 0.0
        },
        "E": {
          "main": 1.0627898778,
          "total": 1.028294746
        },
        "nu": {
          "main": 0.0028452808535,
          "total": 0.001588552843
        }
      }
    },
    "stress": {
      "parameters": {
        "rho": {
          "main": 0.0,
          "total": 0.0
        },
        "E": {
          "main": 1.0630307976,
          "total": 1.0297089427
        },
        "nu": {
          "main": -1.9196638393e-06,
          "total": 2.6346935864e-09
        }
      }
    },
    "strain": {
      "parameters": {
        "rho": {
          "main": -0.0,
          "total": -0.0
        },
        "E": {
          "main": -0.0,
          "total": -0.0
        },
        "nu": {
          "main": -0.0,
          "total": -0.0
        }
      }
    },
    "max_von_Mises_stress": {
      "parameters": {
        "rho": {
          "main": 0.0,
          "total": 0.0
        },
        "E": {
          "main": 1.0628909166,
          "total": 1.0296800795
        },
        "nu": {
          "main": -9.3953354702e-05,
          "total": 1.2752869982e-05
        }
      }
    }
  }
}