{
  "label": "sample_1000",
  "response_functions": {
    "E_effective": {
      "parameters": {
        "rho": {
          "main": 0.0,
          "total": 0.0
        },
        "E": {
          "main": 1.0152180796,
          "total": 1.0083125131
        },
        "nu": {
          "main": 0.00097668054197,
          "total": 0.0016368700181
        }
      }
    },
    "stress": {
      "parameters": {
        "rho": {
          "main": 0.0,
          "total": 0.0
        },
        "E": {
          "main": 1.0198932175,
          "total": 1.0093801833
        },
        "nu": {
          "main": 8.8573668284e-07,
          "total": 2.780233751e-09
        }
      }
    },
    "strain": {
      "parameters": {
        "rho": {
          "main": 0.0,
          "total": 0.0
        },
        "E": {
          "main": 0.0,
          "total": 0.0
        },
        "nu": {
          "main": 0.0,
          "total": 0.0
        }
      }
    },
    "max_von_Mises_stress": {
      "parameters": {
        "rho": {
          "main": 0.0,
          "total": 0.0
        },
        "E": {
          "main": 1.020149025,
          "total": 1.0093204111
        },
        "nu": {
          "main": 6.4333560955e-05,
          "total": 1.3151251993e-05
        }
      }
    }
  }
}