{
  "label": "sample_2000",
  "response_functions": {
    "E_effective": {
      "parameters": {
        "rho": {
          "main": 0.0,
          "total": 0.0
        },
        "E": {
          "main": 1.0000063722,
          "total": 0.9915431789
        },
        "nu": {
          "main": 0.0011292119377,
          "total": 0.0015352445152
        }
      }
    },
    "stress": {
      "parameters": {
        "rho": {
          "main": 0.0,
          "total": 0.0
        },
        "E": {
          "main": 1.0026611425,
          "total": 0.99321300214
        },
        "nu": {
          "main": 3.717847182e-07,
          "total": 2.6139690919e-09
        }
      }
    },
    "strain": {
      "parameters": {
        "rho": {
          "main": 0.0,
          "total": 0.0
        },
        "E": {
          "main": 0.0,
          "total": 0.0
        },
        "nu": {
          "main": 0.0,
          "total": 0.0
        }
      }
    },
    "max_von_Mises_stress": {
      "parameters": {
        "rho": {
          "main": 0.0,
          "total": 0.0
        },
        "E": {
          "main": 1.0027413751,
          "total": 0.99320992651
        },
        "nu": {
          "main": 4.6136461205e-05,
          "total": 1.2336069486e-05
        }
      }
    }
  }
}